l0recover_start_timestamp, 2020-06-11 18:30:52.720924, micros_stamp, 1591900252720924, duration_usec, 21081
l0recover_start_timestamp, 2020-06-11 18:31:03.892394, micros_stamp, 1591900263892394, duration_usec, 1761
l0recover_start_timestamp, 2020-06-11 18:31:05.639508, micros_stamp, 1591900265639508, duration_usec, 1618
l0recover_start_timestamp, 2020-06-12 04:59:45.124139, micros_stamp, 1591937985124139, duration_usec, 28087
l0recover_start_timestamp, 2020-06-12 04:59:56.339839, micros_stamp, 1591937996339839, duration_usec, 1940
l0recover_start_timestamp, 2020-06-12 04:59:58.048099, micros_stamp, 1591937998048099, duration_usec, 1048
l0recover_start_timestamp, 2020-06-13 21:01:24.200747, micros_stamp, 1592082084200747, duration_usec, 20185
l0recover_start_timestamp, 2020-06-13 21:01:35.343310, micros_stamp, 1592082095343310, duration_usec, 958
l0recover_start_timestamp, 2020-06-13 21:01:37.071754, micros_stamp, 1592082097071754, duration_usec, 842
l0recover_start_timestamp, 2020-06-14 17:27:43.076834, micros_stamp, 1592155663076834, duration_usec, 27217
l0recover_start_timestamp, 2020-06-14 17:27:54.351155, micros_stamp, 1592155674351155, duration_usec, 990
l0recover_start_timestamp, 2020-06-14 17:27:56.084994, micros_stamp, 1592155676084994, duration_usec, 781
