l0recover_start_timestamp, 2020-06-10 06:12:17.239948, micros_stamp, 1591769537239948, duration_usec, 33528
l0recover_start_timestamp, 2020-06-10 06:12:30.323387, micros_stamp, 1591769550323387, duration_usec, 60236
l0recover_start_timestamp, 2020-06-10 06:12:32.767004, micros_stamp, 1591769552767004, duration_usec, 36675
l0recover_start_timestamp, 2020-06-10 16:59:55.115492, micros_stamp, 1591808395115492, duration_usec, 35241
l0recover_start_timestamp, 2020-06-10 17:00:08.023222, micros_stamp, 1591808408023222, duration_usec, 185626
l0recover_start_timestamp, 2020-06-10 17:00:10.350433, micros_stamp, 1591808410350433, duration_usec, 53152
l0recover_start_timestamp, 2020-06-10 19:23:28.658422, micros_stamp, 1591817008658422, duration_usec, 54911
l0recover_start_timestamp, 2020-06-10 19:23:41.275666, micros_stamp, 1591817021275666, duration_usec, 87595
l0recover_start_timestamp, 2020-06-10 19:23:43.535132, micros_stamp, 1591817023535132, duration_usec, 172834
l0recover_start_timestamp, 2020-06-10 21:37:04.015649, micros_stamp, 1591825024015649, duration_usec, 41167
l0recover_start_timestamp, 2020-06-10 21:37:17.223385, micros_stamp, 1591825037223385, duration_usec, 61729
l0recover_start_timestamp, 2020-06-10 21:37:19.895094, micros_stamp, 1591825039895094, duration_usec, 60524
l0recover_start_timestamp, 2020-06-11 05:51:50.887140, micros_stamp, 1591854710887140, duration_usec, 38218
l0recover_start_timestamp, 2020-06-11 05:52:05.691388, micros_stamp, 1591854725691388, duration_usec, 57207
l0recover_start_timestamp, 2020-06-11 05:52:08.275894, micros_stamp, 1591854728275894, duration_usec, 101162
l0recover_start_timestamp, 2020-06-11 22:57:59.869282, micros_stamp, 1591916279869282, duration_usec, 43103
l0recover_start_timestamp, 2020-06-11 22:58:11.827035, micros_stamp, 1591916291827035, duration_usec, 796
l0recover_start_timestamp, 2020-06-11 22:58:13.790979, micros_stamp, 1591916293790979, duration_usec, 555
